https://resolver.kb.nl/resolve?urn=ddd:011018203:mpeg21:a0152,http://www.wikidata.org/entity/Q123316817,"Kerken in beweging. Amsterdamse kerkgebouwen na 1578","Amsterdam Museum",http://imageviewer.kb.nl/ImagingService/imagingService?id=ddd:011018203:mpeg21:p007:image&w=500
https://resolver.kb.nl/resolve?urn=ABCDDD:010882134:mpeg21:a0433,http://www.wikidata.org/entity/Q123316821,"Nijverheid en handel. Een keuze uit het bezit van de Amsterdamse leden van de Nederlandsche Maatschappij voor Nijverheid en Handel","Amsterdam Museum",http://imageviewer.kb.nl/ImagingService/imagingService?id=ABCDDD:010882134:mpeg21:p035:image&w=500
https://resolver.kb.nl/resolve?urn=ABCDDD:010841135:mpeg21:a0174,http://www.wikidata.org/entity/Q123316824,Kacheltjes,"Amsterdam Museum",http://imageviewer.kb.nl/ImagingService/imagingService?id=ABCDDD:010841135:mpeg21:p005:image&w=500
https://resolver.kb.nl/resolve?urn=ABCDDD:010882095:mpeg21:a0471,http://www.wikidata.org/entity/Q123316828,"Tekeningen van Noord- en Zuidnederlandse kunstenaars, ca. 1575-1660","Amsterdam Museum",http://imageviewer.kb.nl/ImagingService/imagingService?id=ABCDDD:010882095:mpeg21:p033:image&w=500
https://resolver.kb.nl/resolve?urn=KBPERS01:002950010:mpeg21:a00142,http://www.wikidata.org/entity/Q123316828,"Tekeningen van Noord- en Zuidnederlandse kunstenaars, ca. 1575-1660","Amsterdam Museum",http://imageviewer.kb.nl/ImagingService/imagingService?id=KBPERS01:002950010:mpeg21:p00011:image&w=500
https://resolver.kb.nl/resolve?urn=KBNRC01:000027136:mpeg21:a0074,http://www.wikidata.org/entity/Q123316830,"De Stedemaagd, propaganda en protest","Amsterdam Museum",http://imageviewer.kb.nl/ImagingService/imagingService?id=KBNRC01:000027136:mpeg21:p006:image&w=500
https://resolver.kb.nl/resolve?urn=ABCDDD:010840632:mpeg21:a0403,http://www.wikidata.org/entity/Q123316832,"Van der Elsken's Amsterdam. De stad gezien door fotograaf Ed van der Elsken, 1948-1970","Amsterdam Museum",http://imageviewer.kb.nl/ImagingService/imagingService?id=ABCDDD:010840632:mpeg21:p024:image&w=500
https://resolver.kb.nl/resolve?urn=KBNRC01:000027324:mpeg21:a0053,http://www.wikidata.org/entity/Q123316837,"Breitners blik op stadgenoten. Schilderijen, tekeningen en foto's door George Hendrik Breitner van Amsterdammers omstreeks 1900","Amsterdam Museum",http://imageviewer.kb.nl/ImagingService/imagingService?id=KBNRC01:000027324:mpeg21:p006:image&w=500
https://resolver.kb.nl/resolve?urn=ABCDDD:010881804:mpeg21:a0556,http://www.wikidata.org/entity/Q123316842,"Het archief pakt uit. Het Amsterdamse Gemeentearchief te gast in het Amsterdams Historisch Museum","Amsterdam Museum",http://imageviewer.kb.nl/ImagingService/imagingService?id=ABCDDD:010881804:mpeg21:p039:image&w=500
https://resolver.kb.nl/resolve?urn=ABCDDD:010847536:mpeg21:a0184,http://www.wikidata.org/entity/Q123316843,"Annie Romein-Verschoor (1895-1978)","Amsterdam Museum",http://imageviewer.kb.nl/ImagingService/imagingService?id=ABCDDD:010847536:mpeg21:p004:image&w=500
https://resolver.kb.nl/resolve?urn=KBNRC01:000027032:mpeg21:a0171,http://www.wikidata.org/entity/Q123316843,"Annie Romein-Verschoor (1895-1978)","Amsterdam Museum",http://imageviewer.kb.nl/ImagingService/imagingService?id=KBNRC01:000027032:mpeg21:p020:image&w=500
https://resolver.kb.nl/resolve?urn=ABCDDD:010821926:mpeg21:a0431,http://www.wikidata.org/entity/Q123316858,"Eva Besnyö, halve eeuw werk. Fototentoonstelling","Amsterdam Museum",http://imageviewer.kb.nl/ImagingService/imagingService?id=ABCDDD:010821926:mpeg21:p004:image&w=500
https://resolver.kb.nl/resolve?urn=ddd:010961056:mpeg21:a0212,http://www.wikidata.org/entity/Q123316858,"Eva Besnyö, halve eeuw werk. Fototentoonstelling","Amsterdam Museum",http://imageviewer.kb.nl/ImagingService/imagingService?id=ddd:010961056:mpeg21:p009:image&w=500
https://resolver.kb.nl/resolve?urn=KBNRC01:000029054:mpeg21:a0060,http://www.wikidata.org/entity/Q123316858,"Eva Besnyö, halve eeuw werk. Fototentoonstelling","Amsterdam Museum",http://imageviewer.kb.nl/ImagingService/imagingService?id=KBNRC01:000029054:mpeg21:p006:image&w=500
https://resolver.kb.nl/resolve?urn=ABCDDD:010878573:mpeg21:a0209,http://www.wikidata.org/entity/Q123316868,"Van Nieuw-Amsterdam tot New York, 1624-1664","Amsterdam Museum",http://imageviewer.kb.nl/ImagingService/imagingService?id=ABCDDD:010878573:mpeg21:p015:image&w=500
https://resolver.kb.nl/resolve?urn=KBPERS01:003004003:mpeg21:a00189,http://www.wikidata.org/entity/Q123316869,"Arthur van Schendel en zijn vriendenkring","Amsterdam Museum",http://imageviewer.kb.nl/ImagingService/imagingService?id=KBPERS01:003004003:mpeg21:p00031:image&w=500
https://resolver.kb.nl/resolve?urn=KBNRC01:000027600:mpeg21:a0061,http://www.wikidata.org/entity/Q123316869,"Arthur van Schendel en zijn vriendenkring","Amsterdam Museum",http://imageviewer.kb.nl/ImagingService/imagingService?id=KBNRC01:000027600:mpeg21:p006:image&w=500
https://resolver.kb.nl/resolve?urn=ddd:010378048:mpeg21:a0064,http://www.wikidata.org/entity/Q123316870,"Foto's voor de stad. Amsterdamse documentaire foto-opdrachten 1981-1982","Amsterdam Museum",http://imageviewer.kb.nl/ImagingService/imagingService?id=ddd:010378048:mpeg21:p004:image&w=500
https://resolver.kb.nl/resolve?urn=ABCDDD:010878475:mpeg21:a0158,http://www.wikidata.org/entity/Q123316874,"Comiecque tafereelen. 18de-eeuwse Nederlandse spotprenten","Amsterdam Museum",http://imageviewer.kb.nl/ImagingService/imagingService?id=ABCDDD:010878475:mpeg21:p010:image&w=500
https://resolver.kb.nl/resolve?urn=KBNRC01:000027825:mpeg21:a0029,http://www.wikidata.org/entity/Q123316878,"Van postkoets tot postcode. De postgeschiedenis van Amsterdam","Amsterdam Museum",http://imageviewer.kb.nl/ImagingService/imagingService?id=KBNRC01:000027825:mpeg21:p002:image&w=500
https://resolver.kb.nl/resolve?urn=ABCDDD:010820675:mpeg21:a0157,http://www.wikidata.org/entity/Q123316878,"Van postkoets tot postcode. De postgeschiedenis van Amsterdam","Amsterdam Museum",http://imageviewer.kb.nl/ImagingService/imagingService?id=ABCDDD:010820675:mpeg21:p009:image&w=500
https://resolver.kb.nl/resolve?urn=ABCDDD:010832490:mpeg21:a0294,http://www.wikidata.org/entity/Q123316879,"Kermis van Koophandel. De Amsterdamse Wereldtentoonstelling van 1883","Amsterdam Museum",http://imageviewer.kb.nl/ImagingService/imagingService?id=ABCDDD:010832490:mpeg21:p027:image&w=500
https://resolver.kb.nl/resolve?urn=KBNRC01:000027728:mpeg21:a0062,http://www.wikidata.org/entity/Q123316879,"Kermis van Koophandel. De Amsterdamse Wereldtentoonstelling van 1883","Amsterdam Museum",http://imageviewer.kb.nl/ImagingService/imagingService?id=KBNRC01:000027728:mpeg21:p006:image&w=500
https://resolver.kb.nl/resolve?urn=KBNRC01:000027932:mpeg21:a0064,http://www.wikidata.org/entity/Q123316883,"Emanuel Boekman en het kunstbeleid in Amsterdam 1920-1940","Amsterdam Museum",http://imageviewer.kb.nl/ImagingService/imagingService?id=KBNRC01:000027932:mpeg21:p006:image&w=500
https://resolver.kb.nl/resolve?urn=ddd:010859060:mpeg21:a0058,http://www.wikidata.org/entity/Q123316883,"Emanuel Boekman en het kunstbeleid in Amsterdam 1920-1940","Amsterdam Museum",http://imageviewer.kb.nl/ImagingService/imagingService?id=ddd:010859060:mpeg21:p010:image&w=500
https://resolver.kb.nl/resolve?urn=ABCDDD:010967109:mpeg21:a0162,http://www.wikidata.org/entity/Q123316899,"Uw gulden een daalder! Markten in Amsterdam","Amsterdam Museum",http://imageviewer.kb.nl/ImagingService/imagingService?id=ABCDDD:010967109:mpeg21:p009:image&w=500
https://resolver.kb.nl/resolve?urn=KBNRC01:000027680:mpeg21:a0142,http://www.wikidata.org/entity/Q123316899,"Uw gulden een daalder! Markten in Amsterdam","Amsterdam Museum",http://imageviewer.kb.nl/ImagingService/imagingService?id=KBNRC01:000027680:mpeg21:p015:image&w=500
https://resolver.kb.nl/resolve?urn=ddd:010852822:mpeg21:a0037,http://www.wikidata.org/entity/Q123316734,"Zuiderzee wordt land","Amsterdam Museum",http://imageviewer.kb.nl/ImagingService/imagingService?id=ddd:010852822:mpeg21:p002:image&w=500
https://resolver.kb.nl/resolve?urn=KBNRC01:000088505:mpeg21:a0016,http://www.wikidata.org/entity/Q123316739,"De Blaeu's : beschrijvers van land-, hemel- en waterwereld","Amsterdam Museum",http://imageviewer.kb.nl/ImagingService/imagingService?id=KBNRC01:000088505:mpeg21:p002:image&w=500
https://resolver.kb.nl/resolve?urn=ABCDDD:010836395:mpeg21:a0379,http://www.wikidata.org/entity/Q123316754,"Leven en willekeur in Amsterdam. Harry van Kruiningen","Amsterdam Museum",http://imageviewer.kb.nl/ImagingService/imagingService?id=ABCDDD:010836395:mpeg21:p015:image&w=500
https://resolver.kb.nl/resolve?urn=ddd:010374277:mpeg21:a0132,http://www.wikidata.org/entity/Q123316754,"Leven en willekeur in Amsterdam. Harry van Kruiningen","Amsterdam Museum",http://imageviewer.kb.nl/ImagingService/imagingService?id=ddd:010374277:mpeg21:p007:image&w=500
https://resolver.kb.nl/resolve?urn=ABCDDD:010836636:mpeg21:a0493,http://www.wikidata.org/entity/Q123316755,"Plannen voor de Nieuwmarkt","Amsterdam Museum",http://imageviewer.kb.nl/ImagingService/imagingService?id=ABCDDD:010836636:mpeg21:p031:image&w=500
https://resolver.kb.nl/resolve?urn=ABCDDD:010836633:mpeg21:a0241,http://www.wikidata.org/entity/Q123316755,"Plannen voor de Nieuwmarkt","Amsterdam Museum",http://imageviewer.kb.nl/ImagingService/imagingService?id=ABCDDD:010836633:mpeg21:p005:image&w=500
https://resolver.kb.nl/resolve?urn=ddd:010858693:mpeg21:a0076,http://www.wikidata.org/entity/Q123316757,"Mokum en Mediene. De geschiedenis van de Joden in Nederland","Amsterdam Museum",http://imageviewer.kb.nl/ImagingService/imagingService?id=ddd:010858693:mpeg21:p007:image&w=500
https://resolver.kb.nl/resolve?urn=KBNRC01:000032342:mpeg21:a0138,http://www.wikidata.org/entity/Q123316757,"Mokum en Mediene. De geschiedenis van de Joden in Nederland","Amsterdam Museum",http://imageviewer.kb.nl/ImagingService/imagingService?id=KBNRC01:000032342:mpeg21:p012:image&w=500
https://resolver.kb.nl/resolve?urn=ABCDDD:010836290:mpeg21:a0373,http://www.wikidata.org/entity/Q123316758,"Amsterdamse stadsportretten 1700-1900","Amsterdam Museum",http://imageviewer.kb.nl/ImagingService/imagingService?id=ABCDDD:010836290:mpeg21:p005:image&w=500
https://resolver.kb.nl/resolve?urn=KBNRC01:000031837:mpeg21:a0089,http://www.wikidata.org/entity/Q123316761,"Amsterdam die kleine stad; de geschiedenis van Amsterdam tot 1578","Amsterdam Museum",http://imageviewer.kb.nl/ImagingService/imagingService?id=KBNRC01:000031837:mpeg21:p006:image&w=500
https://resolver.kb.nl/resolve?urn=ABCDDD:010848995:mpeg21:a0140,http://www.wikidata.org/entity/Q123316761,"Amsterdam die kleine stad; de geschiedenis van Amsterdam tot 1578","Amsterdam Museum",http://imageviewer.kb.nl/ImagingService/imagingService?id=ABCDDD:010848995:mpeg21:p006:image&w=500
https://resolver.kb.nl/resolve?urn=ABCDDD:010849220:mpeg21:a0351,http://www.wikidata.org/entity/Q123316763,"Regenten kijken u aan","Amsterdam Museum",http://imageviewer.kb.nl/ImagingService/imagingService?id=ABCDDD:010849220:mpeg21:p023:image&w=500
https://resolver.kb.nl/resolve?urn=KBNRC01:000031475:mpeg21:a0022,http://www.wikidata.org/entity/Q123316763,"Regenten kijken u aan","Amsterdam Museum",http://imageviewer.kb.nl/ImagingService/imagingService?id=KBNRC01:000031475:mpeg21:p002:image&w=500
https://resolver.kb.nl/resolve?urn=KBNRC01:000031627:mpeg21:a0020,http://www.wikidata.org/entity/Q123316764,"Schone stad, vuile stad. Kinderwerkstukken","Amsterdam Museum",http://imageviewer.kb.nl/ImagingService/imagingService?id=KBNRC01:000031627:mpeg21:p002:image&w=500
https://resolver.kb.nl/resolve?urn=ABCDDD:010825441:mpeg21:a0205,http://www.wikidata.org/entity/Q123316767,"Amsterdam die grote stad. Beeld en beeldvorming van de geschiedenis van Amsterdam in de 17e en 18e eeuw","Amsterdam Museum",http://imageviewer.kb.nl/ImagingService/imagingService?id=ABCDDD:010825441:mpeg21:p009:image&w=500
https://resolver.kb.nl/resolve?urn=ddd:011236735:mpeg21:a0117,http://www.wikidata.org/entity/Q123316769,"Breitner in het Amsterdams Historisch Museum","Amsterdam Museum",http://imageviewer.kb.nl/ImagingService/imagingService?id=ddd:011236735:mpeg21:p008:image&w=500
https://resolver.kb.nl/resolve?urn=ddd:011236541:mpeg21:a0138,http://www.wikidata.org/entity/Q123316771,"Amsterdam onder stoom (1795-1918)","Amsterdam Museum",http://imageviewer.kb.nl/ImagingService/imagingService?id=ddd:011236541:mpeg21:p011:image&w=500
https://resolver.kb.nl/resolve?urn=KBNRC01:000032902:mpeg21:a0028,http://www.wikidata.org/entity/Q123316773,"Amsterdam getekend 1600-1880. Stadsgezichten en gebeurtenissen uit de verzameling van Louis Splitgerber.","Amsterdam Museum",http://imageviewer.kb.nl/ImagingService/imagingService?id=KBNRC01:000032902:mpeg21:p002:image&w=500
https://resolver.kb.nl/resolve?urn=ABCDDD:010823630:mpeg21:a0127,http://www.wikidata.org/entity/Q123316773,"Amsterdam getekend 1600-1880. Stadsgezichten en gebeurtenissen uit de verzameling van Louis Splitgerber.","Amsterdam Museum",http://imageviewer.kb.nl/ImagingService/imagingService?id=ABCDDD:010823630:mpeg21:p006:image&w=500
https://resolver.kb.nl/resolve?urn=ddd:010375507:mpeg21:a0160,http://www.wikidata.org/entity/Q123316777,"Carel Joseph Fodor en zijn schilderijenverzameling","Amsterdam Museum",http://imageviewer.kb.nl/ImagingService/imagingService?id=ddd:010375507:mpeg21:p007:image&w=500
https://resolver.kb.nl/resolve?urn=KBNRC01:000032699:mpeg21:a0025,http://www.wikidata.org/entity/Q123316777,"Carel Joseph Fodor en zijn schilderijenverzameling","Amsterdam Museum",http://imageviewer.kb.nl/ImagingService/imagingService?id=KBNRC01:000032699:mpeg21:p002:image&w=500
https://resolver.kb.nl/resolve?urn=ddd:011198822:mpeg21:a0274,http://www.wikidata.org/entity/Q123316778,"Nieuwe Naatje","Amsterdam Museum",http://imageviewer.kb.nl/ImagingService/imagingService?id=ddd:011198822:mpeg21:p004:image&w=500
https://resolver.kb.nl/resolve?urn=KBPERS01:002919012:mpeg21:a00324,http://www.wikidata.org/entity/Q123316782,"Hobbytentoonstelling personeel","Amsterdam Museum",http://imageviewer.kb.nl/ImagingService/imagingService?id=KBPERS01:002919012:mpeg21:p00031:image&w=500
https://resolver.kb.nl/resolve?urn=ABCDDD:010822145:mpeg21:a0127,http://www.wikidata.org/entity/Q123316782,"Hobbytentoonstelling personeel","Amsterdam Museum",http://imageviewer.kb.nl/ImagingService/imagingService?id=ABCDDD:010822145:mpeg21:p006:image&w=500
https://resolver.kb.nl/resolve?urn=ABCDDD:010880906:mpeg21:a0378,http://www.wikidata.org/entity/Q123316785,"Italiaanse tekeningen 1400-1800","Amsterdam Museum",http://imageviewer.kb.nl/ImagingService/imagingService?id=ABCDDD:010880906:mpeg21:p035:image&w=500
https://resolver.kb.nl/resolve?urn=ddd:010375880:mpeg21:a0129,http://www.wikidata.org/entity/Q123316786,"Amsterdam in de put : opgravingen rond het Damrak : een archeologische bijdrage aan de vroegste geschiedenis van Amsterdam","Amsterdam Museum",http://imageviewer.kb.nl/ImagingService/imagingService?id=ddd:010375880:mpeg21:p007:image&w=500
https://resolver.kb.nl/resolve?urn=ABCDDD:010840289:mpeg21:a0129,http://www.wikidata.org/entity/Q123316786,"Amsterdam in de put : opgravingen rond het Damrak : een archeologische bijdrage aan de vroegste geschiedenis van Amsterdam","Amsterdam Museum",http://imageviewer.kb.nl/ImagingService/imagingService?id=ABCDDD:010840289:mpeg21:p005:image&w=500
https://resolver.kb.nl/resolve?urn=KBNRC01:000026207:mpeg21:a0054,http://www.wikidata.org/entity/Q123316795,"Vaarwel mijn Amstelstad, verwacht een andere Heer","Amsterdam Museum",http://imageviewer.kb.nl/ImagingService/imagingService?id=KBNRC01:000026207:mpeg21:p006:image&w=500
https://resolver.kb.nl/resolve?urn=KBPERS01:002945002:mpeg21:a00011,http://www.wikidata.org/entity/Q123316795,"Vaarwel mijn Amstelstad, verwacht een andere Heer","Amsterdam Museum",http://imageviewer.kb.nl/ImagingService/imagingService?id=KBPERS01:002945002:mpeg21:p00003:image&w=500
https://resolver.kb.nl/resolve?urn=ddd:010376352:mpeg21:a0086,http://www.wikidata.org/entity/Q123316797,"Steden in beeld. Opkomst en bloei van het Noordnederlandse stadsgezicht in de 17e eeuw","Amsterdam Museum",http://imageviewer.kb.nl/ImagingService/imagingService?id=ddd:010376352:mpeg21:p004:image&w=500
https://resolver.kb.nl/resolve?urn=ABCDDD:010839660:mpeg21:a0215,http://www.wikidata.org/entity/Q123316798,"Breitner op zolder","Amsterdam Museum",http://imageviewer.kb.nl/ImagingService/imagingService?id=ABCDDD:010839660:mpeg21:p009:image&w=500
https://resolver.kb.nl/resolve?urn=KBPERS01:003484014:mpeg21:a00145,http://www.wikidata.org/entity/Q123316802,"Het Rembrandtbeeld. Hoe een kunstenaar in de 19de eeuw een nationale held werd","Amsterdam Museum",http://imageviewer.kb.nl/ImagingService/imagingService?id=KBPERS01:003484014:mpeg21:p00013:image&w=500
https://resolver.kb.nl/resolve?urn=KBNRC01:000026186:mpeg21:a0024,http://www.wikidata.org/entity/Q123316802,"Het Rembrandtbeeld. Hoe een kunstenaar in de 19de eeuw een nationale held werd","Amsterdam Museum",http://imageviewer.kb.nl/ImagingService/imagingService?id=KBNRC01:000026186:mpeg21:p002:image&w=500
https://resolver.kb.nl/resolve?urn=ABCDDD:010881476:mpeg21:a0247,http://www.wikidata.org/entity/Q123316802,"Het Rembrandtbeeld. Hoe een kunstenaar in de 19de eeuw een nationale held werd","Amsterdam Museum",http://imageviewer.kb.nl/ImagingService/imagingService?id=ABCDDD:010881476:mpeg21:p014:image&w=500
https://resolver.kb.nl/resolve?urn=ddd:010376772:mpeg21:a0123,http://www.wikidata.org/entity/Q123316803,"Antifascisme in Nederland. Beelddokumenten van toen en nu","Amsterdam Museum",http://imageviewer.kb.nl/ImagingService/imagingService?id=ddd:010376772:mpeg21:p007:image&w=500
https://resolver.kb.nl/resolve?urn=ABCDDD:010829677:mpeg21:a0444,http://www.wikidata.org/entity/Q123316805,Wintergezichten,"Amsterdam Museum",http://imageviewer.kb.nl/ImagingService/imagingService?id=ABCDDD:010829677:mpeg21:p030:image&w=500
https://resolver.kb.nl/resolve?urn=KBNRC01:000025799:mpeg21:a0209,http://www.wikidata.org/entity/Q123316806,"De beste wensen voor een paar centen. Oude prentbriefkaarten uit Noord-Holland","Amsterdam Museum",http://imageviewer.kb.nl/ImagingService/imagingService?id=KBNRC01:000025799:mpeg21:p029:image&w=500
https://resolver.kb.nl/resolve?urn=ABCDDD:010839453:mpeg21:a0330,http://www.wikidata.org/entity/Q123316809,"De Bond van Nederlandse Amateur Fotografen Verenigingen (NAFV) te gast in het Amsterdams Historisch Museum","Amsterdam Museum",http://imageviewer.kb.nl/ImagingService/imagingService?id=ABCDDD:010839453:mpeg21:p013:image&w=500
https://resolver.kb.nl/resolve?urn=ABCDDD:010841524:mpeg21:a0351,http://www.wikidata.org/entity/Q123316810,"Stadsgezichten op tekeningen en prenten uit de 17de, 18de en 19de eeuw","Amsterdam Museum",http://imageviewer.kb.nl/ImagingService/imagingService?id=ABCDDD:010841524:mpeg21:p029:image&w=500
https://resolver.kb.nl/resolve?urn=KBNRC01:000026661:mpeg21:a0169,http://www.wikidata.org/entity/Q123316816,"Het land van Holland. Ontwikkelingen in het Noord- en Zuidhollandse landschap","Amsterdam Museum",http://imageviewer.kb.nl/ImagingService/imagingService?id=KBNRC01:000026661:mpeg21:p015:image&w=500
https://resolver.kb.nl/resolve?urn=ABCDDD:010882348:mpeg21:a0193,http://www.wikidata.org/entity/Q123316816,"Het land van Holland. Ontwikkelingen in het Noord- en Zuidhollandse landschap","Amsterdam Museum",http://imageviewer.kb.nl/ImagingService/imagingService?id=ABCDDD:010882348:mpeg21:p011:image&w=500
https://resolver.kb.nl/resolve?urn=ddd:010028717:mpeg21:a0148,http://www.wikidata.org/entity/Q123316211,"Tentoonstelling van de afbeeldingen van de Sint Antonieswaag en de omgeving","Amsterdam Museum",http://imageviewer.kb.nl/ImagingService/imagingService?id=ddd:010028717:mpeg21:p010:image&w=500
https://resolver.kb.nl/resolve?urn=ddd:010658044:mpeg21:a0099,http://www.wikidata.org/entity/Q123316659,"100 jaar machine-industrie op Oostenburg","Amsterdam Museum",http://imageviewer.kb.nl/ImagingService/imagingService?id=ddd:010658044:mpeg21:p002:image&w=500
https://resolver.kb.nl/resolve?urn=MMKB19:000052138:mpeg21:a00017,http://www.wikidata.org/entity/Q123316666,"Topographische tentoonstelling van hetgeen in de 19de eeuw in Amsterdam verdween (deel 1)","Amsterdam Museum",http://imageviewer.kb.nl/ImagingService/imagingService?id=MMKB19:000052138:mpeg21:p00003:image&w=500
https://resolver.kb.nl/resolve?urn=ddd:010532786:mpeg21:a0046,http://www.wikidata.org/entity/Q123316671,"Tentoonstelling van hetgeen in de 19de eeuw in Amsterdam verdween, 2de gedeelte, de paden buiten de raam- en zaagpoorten","Amsterdam Museum",http://imageviewer.kb.nl/ImagingService/imagingService?id=ddd:010532786:mpeg21:p002:image&w=500
https://resolver.kb.nl/resolve?urn=ddd:010660886:mpeg21:a0330,http://www.wikidata.org/entity/Q123316673,"Amsterdam in den patriottentijd","Amsterdam Museum",http://imageviewer.kb.nl/ImagingService/imagingService?id=ddd:010660886:mpeg21:p013:image&w=500
https://resolver.kb.nl/resolve?urn=MMKB23:001758085:mpeg21:a00180,http://www.wikidata.org/entity/Q123316676,"Amsterdam in den Franschen Tijd, 1795-1813","Amsterdam Museum",http://imageviewer.kb.nl/ImagingService/imagingService?id=MMKB23:001758085:mpeg21:p00014:image&w=500
https://resolver.kb.nl/resolve?urn=ddd:010661308:mpeg21:a0154,http://www.wikidata.org/entity/Q123316676,"Amsterdam in den Franschen Tijd, 1795-1813","Amsterdam Museum",http://imageviewer.kb.nl/ImagingService/imagingService?id=ddd:010661308:mpeg21:p005:image&w=500
https://resolver.kb.nl/resolve?urn=ddd:010662596:mpeg21:a0008,http://www.wikidata.org/entity/Q123316679,"Amsterdam in de 17e eeuw. Uit de verzameling van J. van Eck","Amsterdam Museum",http://imageviewer.kb.nl/ImagingService/imagingService?id=ddd:010662596:mpeg21:p001:image&w=500
https://resolver.kb.nl/resolve?urn=ddd:010663884:mpeg21:a0223,http://www.wikidata.org/entity/Q123316680,"Teekeningen uit drie eeuwen gezichten in oud-Amsterdam. Gekozen uit de verzameling W.J.R. Dreesmann","Amsterdam Museum",http://imageviewer.kb.nl/ImagingService/imagingService?id=ddd:010663884:mpeg21:p007:image&w=500
https://resolver.kb.nl/resolve?urn=ddd:010662711:mpeg21:a0069,http://www.wikidata.org/entity/Q123316683,"Teekeningen van Amsterdam door Jan de Beyer","Amsterdam Museum",http://imageviewer.kb.nl/ImagingService/imagingService?id=ddd:010662711:mpeg21:p002:image&w=500
https://resolver.kb.nl/resolve?urn=ddd:010540860:mpeg21:a0092,http://www.wikidata.org/entity/Q123316690,"Amsterdamse stadsgezichten door Reinier Vinkeles","Amsterdam Museum",http://imageviewer.kb.nl/ImagingService/imagingService?id=ddd:010540860:mpeg21:p004:image&w=500
https://resolver.kb.nl/resolve?urn=ddd:010538396:mpeg21:a0095,http://www.wikidata.org/entity/Q123316691,"De stadhuizen van Amsterdam","Amsterdam Museum",http://imageviewer.kb.nl/ImagingService/imagingService?id=ddd:010538396:mpeg21:p004:image&w=500
https://resolver.kb.nl/resolve?urn=MMKB15:000700032:mpeg21:a00062,http://www.wikidata.org/entity/Q123316691,"De stadhuizen van Amsterdam","Amsterdam Museum",http://imageviewer.kb.nl/ImagingService/imagingService?id=MMKB15:000700032:mpeg21:p00007:image&w=500
https://resolver.kb.nl/resolve?urn=ddd:010664232:mpeg21:a0214,http://www.wikidata.org/entity/Q123316692,"Jan van der Heyden : 5 maart 1637-1937","Amsterdam Museum",http://imageviewer.kb.nl/ImagingService/imagingService?id=ddd:010664232:mpeg21:p010:image&w=500
https://resolver.kb.nl/resolve?urn=ddd:010538451:mpeg21:a0082,http://www.wikidata.org/entity/Q123316692,"Jan van der Heyden : 5 maart 1637-1937","Amsterdam Museum",http://imageviewer.kb.nl/ImagingService/imagingService?id=ddd:010538451:mpeg21:p004:image&w=500
https://resolver.kb.nl/resolve?urn=ddd:011062109:mpeg21:a0166,http://www.wikidata.org/entity/Q123316694,"De Oude Kerk","Amsterdam Museum",http://imageviewer.kb.nl/ImagingService/imagingService?id=ddd:011062109:mpeg21:p009:image&w=500
https://resolver.kb.nl/resolve?urn=ddd:010989920:mpeg21:a0195,http://www.wikidata.org/entity/Q123316694,"De Oude Kerk","Amsterdam Museum",http://imageviewer.kb.nl/ImagingService/imagingService?id=ddd:010989920:mpeg21:p011:image&w=500
https://resolver.kb.nl/resolve?urn=ddd:010734425:mpeg21:a0079,http://www.wikidata.org/entity/Q123316701,"Zes eeuwen katholiek Amsterdam","Amsterdam Museum",http://imageviewer.kb.nl/ImagingService/imagingService?id=ddd:010734425:mpeg21:p006:image&w=500
https://resolver.kb.nl/resolve?urn=ddd:010851562:mpeg21:a0025,http://www.wikidata.org/entity/Q123316703,"Amsterdamse bruggen","Amsterdam Museum",http://imageviewer.kb.nl/ImagingService/imagingService?id=ddd:010851562:mpeg21:p002:image&w=500
https://resolver.kb.nl/resolve?urn=ddd:010852015:mpeg21:a0068,http://www.wikidata.org/entity/Q123316704,"Kunst van het woord in Zuid en Noord. Schrijvers en hun manuscripten","Amsterdam Museum",http://imageviewer.kb.nl/ImagingService/imagingService?id=ddd:010852015:mpeg21:p003:image&w=500
https://resolver.kb.nl/resolve?urn=ddd:011154942:mpeg21:a0004,http://www.wikidata.org/entity/Q123316708,"Tsaar Peter de Grote en Amsterdam","Amsterdam Museum",http://imageviewer.kb.nl/ImagingService/imagingService?id=ddd:011154942:mpeg21:p001:image&w=500
https://resolver.kb.nl/resolve?urn=ddd:010852144:mpeg21:a0059,http://www.wikidata.org/entity/Q123316709,"De jeugd leert Amsterdam kennen","Amsterdam Museum",http://imageviewer.kb.nl/ImagingService/imagingService?id=ddd:010852144:mpeg21:p002:image&w=500
https://resolver.kb.nl/resolve?urn=MMKB15:000555127:mpeg21:a00019,http://www.wikidata.org/entity/Q123316719,"De geschiedenis van de terreinen en gebouwen van de Nederlandsche Bank","Amsterdam Museum",http://imageviewer.kb.nl/ImagingService/imagingService?id=MMKB15:000555127:mpeg21:p00002:image&w=500
https://resolver.kb.nl/resolve?urn=ABCDDD:010880432:mpeg21:a0087,http://www.wikidata.org/entity/Q123316720,"Chirurgijns en kwakzalvers. Medisch-historische tentoonstelling ter gelegenheid van het 100-jarig bestaan van de Nederlandse Maatschappij Tot Bevordering Der Geneeskunst","Amsterdam Museum",http://imageviewer.kb.nl/ImagingService/imagingService?id=ABCDDD:010880432:mpeg21:p003:image&w=500
https://resolver.kb.nl/resolve?urn=MMUBTB04:210852032:mpeg21:a00072,http://www.wikidata.org/entity/Q123316720,"Chirurgijns en kwakzalvers. Medisch-historische tentoonstelling ter gelegenheid van het 100-jarig bestaan van de Nederlandse Maatschappij Tot Bevordering Der Geneeskunst","Amsterdam Museum",http://imageviewer.kb.nl/ImagingService/imagingService?id=MMUBTB04:210852032:mpeg21:p00005:image&w=500
https://resolver.kb.nl/resolve?urn=ddd:110584709:mpeg21:a0087,http://www.wikidata.org/entity/Q123316722,"Amsterdam en de spoorwegen","Amsterdam Museum",http://imageviewer.kb.nl/ImagingService/imagingService?id=ddd:110584709:mpeg21:p002:image&w=500
https://resolver.kb.nl/resolve?urn=KBNRC01:000088038:mpeg21:a0005,http://www.wikidata.org/entity/Q123316722,"Amsterdam en de spoorwegen","Amsterdam Museum",http://imageviewer.kb.nl/ImagingService/imagingService?id=KBNRC01:000088038:mpeg21:p001:image&w=500
https://resolver.kb.nl/resolve?urn=MMSARO02:164874066:mpeg21:a00114,http://www.wikidata.org/entity/Q123316723,"De Watergraafsmeer en 50 jaar Ajax","Amsterdam Museum",http://imageviewer.kb.nl/ImagingService/imagingService?id=MMSARO02:164874066:mpeg21:p00007:image&w=500
https://resolver.kb.nl/resolve?urn=ddd:110584840:mpeg21:a0241,http://www.wikidata.org/entity/Q123316723,"De Watergraafsmeer en 50 jaar Ajax","Amsterdam Museum",http://imageviewer.kb.nl/ImagingService/imagingService?id=ddd:110584840:mpeg21:p007:image&w=500
https://resolver.kb.nl/resolve?urn=ddd:010852552:mpeg21:a0017,http://www.wikidata.org/entity/Q123316724,"Architectuur en wederopbouw in Sowjet-Rusland","Amsterdam Museum",http://imageviewer.kb.nl/ImagingService/imagingService?id=ddd:010852552:mpeg21:p002:image&w=500
https://resolver.kb.nl/resolve?urn=ddd:110585083:mpeg21:a0137,http://www.wikidata.org/entity/Q123316726,"Vroedmeester, pillendraaier en liefhebber der natuur","Amsterdam Museum",http://imageviewer.kb.nl/ImagingService/imagingService?id=ddd:110585083:mpeg21:p002:image&w=500
https://resolver.kb.nl/resolve?urn=MMCC01:048026057:mpeg21:a00041,http://www.wikidata.org/entity/Q123316727,"Het dagblad door de eeuwen","Amsterdam Museum",http://imageviewer.kb.nl/ImagingService/imagingService?id=MMCC01:048026057:mpeg21:p00003:image&w=500
https://resolver.kb.nl/resolve?urn=MMKB23:001263004:mpeg21:a00132,http://www.wikidata.org/entity/Q123316727,"Het dagblad door de eeuwen","Amsterdam Museum",http://imageviewer.kb.nl/ImagingService/imagingService?id=MMKB23:001263004:mpeg21:p00006:image&w=500
https://resolver.kb.nl/resolve?urn=ddd:110586862:mpeg21:a0063,http://www.wikidata.org/entity/Q123317803,"Fototentoonstelling 'De Ramp'. Tentoonstelling Nationaal Rampenfonds","Amsterdam Museum",http://imageviewer.kb.nl/ImagingService/imagingService?id=ddd:110586862:mpeg21:p002:image&w=500
https://resolver.kb.nl/resolve?urn=MMKB19:000831071:mpeg21:a00083,http://www.wikidata.org/entity/Q123317803,"Fototentoonstelling 'De Ramp'. Tentoonstelling Nationaal Rampenfonds","Amsterdam Museum",http://imageviewer.kb.nl/ImagingService/imagingService?id=MMKB19:000831071:mpeg21:p00006:image&w=500
https://resolver.kb.nl/resolve?urn=MMKB15:000577095:mpeg21:a00048,http://www.wikidata.org/entity/Q123317806,"Amsterdam in de winter","Amsterdam Museum",http://imageviewer.kb.nl/ImagingService/imagingService?id=MMKB15:000577095:mpeg21:p00005:image&w=500
https://resolver.kb.nl/resolve?urn=ddd:110586707:mpeg21:a0251,http://www.wikidata.org/entity/Q123317806,"Amsterdam in de winter","Amsterdam Museum",http://imageviewer.kb.nl/ImagingService/imagingService?id=ddd:110586707:mpeg21:p007:image&w=500
https://resolver.kb.nl/resolve?urn=ddd:010369289:mpeg21:a0095,http://www.wikidata.org/entity/Q123317810,"Verdwenen stadsschoon in Amsterdam","Amsterdam Museum",http://imageviewer.kb.nl/ImagingService/imagingService?id=ddd:010369289:mpeg21:p004:image&w=500
https://resolver.kb.nl/resolve?urn=KBNRC01:000041768:mpeg21:a0138,http://www.wikidata.org/entity/Q123317811,"Albert Hahn en zijn tijd","Amsterdam Museum",http://imageviewer.kb.nl/ImagingService/imagingService?id=KBNRC01:000041768:mpeg21:p011:image&w=500
https://resolver.kb.nl/resolve?urn=ddd:010370135:mpeg21:a0109,http://www.wikidata.org/entity/Q123317811,"Albert Hahn en zijn tijd","Amsterdam Museum",http://imageviewer.kb.nl/ImagingService/imagingService?id=ddd:010370135:mpeg21:p006:image&w=500
https://resolver.kb.nl/resolve?urn=MMKB15:000568082:mpeg21:a00031,http://www.wikidata.org/entity/Q123317812,"Amsterdamse stadhuizen","Amsterdam Museum",http://imageviewer.kb.nl/ImagingService/imagingService?id=MMKB15:000568082:mpeg21:p00004:image&w=500
https://resolver.kb.nl/resolve?urn=ddd:110586263:mpeg21:a0088,http://www.wikidata.org/entity/Q123317812,"Amsterdamse stadhuizen","Amsterdam Museum",http://imageviewer.kb.nl/ImagingService/imagingService?id=ddd:110586263:mpeg21:p003:image&w=500
https://resolver.kb.nl/resolve?urn=ABCDDD:010843893:mpeg21:a0080,http://www.wikidata.org/entity/Q123317815,"Amsterdam, stad te water","Amsterdam Museum",http://imageviewer.kb.nl/ImagingService/imagingService?id=ABCDDD:010843893:mpeg21:p002:image&w=500
https://resolver.kb.nl/resolve?urn=KBNRC01:000041487:mpeg21:a0022,http://www.wikidata.org/entity/Q123317818,"Stad en land in woord & beeld","Amsterdam Museum",http://imageviewer.kb.nl/ImagingService/imagingService?id=KBNRC01:000041487:mpeg21:p002:image&w=500
https://resolver.kb.nl/resolve?urn=MMKB15:000570021:mpeg21:a00013,http://www.wikidata.org/entity/Q123317818,"Stad en land in woord & beeld","Amsterdam Museum",http://imageviewer.kb.nl/ImagingService/imagingService?id=MMKB15:000570021:mpeg21:p00002:image&w=500
https://resolver.kb.nl/resolve?urn=MMSARO02:164893028:mpeg21:a00233,http://www.wikidata.org/entity/Q123318425,"Historie in tin","Amsterdam Museum",http://imageviewer.kb.nl/ImagingService/imagingService?id=MMSARO02:164893028:mpeg21:p00018:image&w=500
https://resolver.kb.nl/resolve?urn=KBNRC01:000037832:mpeg21:a0021,http://www.wikidata.org/entity/Q123318430,"Hier uw haven","Amsterdam Museum",http://imageviewer.kb.nl/ImagingService/imagingService?id=KBNRC01:000037832:mpeg21:p002:image&w=500
https://resolver.kb.nl/resolve?urn=ABCDDD:010875920:mpeg21:a0153,http://www.wikidata.org/entity/Q123318432,"Jan Greshoff 70 jaar","Amsterdam Museum",http://imageviewer.kb.nl/ImagingService/imagingService?id=ABCDDD:010875920:mpeg21:p007:image&w=500
https://resolver.kb.nl/resolve?urn=KBNRC01:000036347:mpeg21:a0032,http://www.wikidata.org/entity/Q123318433,"Een greep uit de Verzameling Lopez Suasso: horloges, snuifdozen en sieraden","Amsterdam Museum",http://imageviewer.kb.nl/ImagingService/imagingService?id=KBNRC01:000036347:mpeg21:p002:image&w=500
https://resolver.kb.nl/resolve?urn=MMKB19:002044037:mpeg21:a00160,http://www.wikidata.org/entity/Q123318434,"Nederland handelsland","Amsterdam Museum",http://imageviewer.kb.nl/ImagingService/imagingService?id=MMKB19:002044037:mpeg21:p00007:image&w=500
https://resolver.kb.nl/resolve?urn=MMHCO02:163886036:mpeg21:a00040,http://www.wikidata.org/entity/Q123318436,"Multatuli : 100 jaar Max Havelaar 1860-1960","Amsterdam Museum",http://imageviewer.kb.nl/ImagingService/imagingService?id=MMHCO02:163886036:mpeg21:p00003:image&w=500
https://resolver.kb.nl/resolve?urn=ddd:011234513:mpeg21:a0109,http://www.wikidata.org/entity/Q123318436,"Multatuli : 100 jaar Max Havelaar 1860-1960","Amsterdam Museum",http://imageviewer.kb.nl/ImagingService/imagingService?id=ddd:011234513:mpeg21:p002:image&w=500
https://resolver.kb.nl/resolve?urn=ddd:010616683:mpeg21:a0197,http://www.wikidata.org/entity/Q123318437,"Jodocus Hondius - cartograaf 1563 - 1963","Amsterdam Museum",http://imageviewer.kb.nl/ImagingService/imagingService?id=ddd:010616683:mpeg21:p011:image&w=500
https://resolver.kb.nl/resolve?urn=KBNRC01:000034438:mpeg21:a0022,http://www.wikidata.org/entity/Q123318437,"Jodocus Hondius - cartograaf 1563 - 1963","Amsterdam Museum",http://imageviewer.kb.nl/ImagingService/imagingService?id=KBNRC01:000034438:mpeg21:p002:image&w=500
https://resolver.kb.nl/resolve?urn=ddd:011233598:mpeg21:a0129,http://www.wikidata.org/entity/Q123318440,"Pronk der gilden","Amsterdam Museum",http://imageviewer.kb.nl/ImagingService/imagingService?id=ddd:011233598:mpeg21:p006:image&w=500
https://resolver.kb.nl/resolve?urn=ABCDDD:010815421:mpeg21:a0158,http://www.wikidata.org/entity/Q123318442,"Arm in de Gouden Eeuw","Amsterdam Museum",http://imageviewer.kb.nl/ImagingService/imagingService?id=ABCDDD:010815421:mpeg21:p004:image&w=500
https://resolver.kb.nl/resolve?urn=ABCDDD:010878133:mpeg21:a0225,http://www.wikidata.org/entity/Q123318442,"Arm in de Gouden Eeuw","Amsterdam Museum",http://imageviewer.kb.nl/ImagingService/imagingService?id=ABCDDD:010878133:mpeg21:p007:image&w=500
https://resolver.kb.nl/resolve?urn=KBNRC01:000034406:mpeg21:a0091,http://www.wikidata.org/entity/Q123318450,"Amsterdam in z'n element","Amsterdam Museum",http://imageviewer.kb.nl/ImagingService/imagingService?id=KBNRC01:000034406:mpeg21:p009:image&w=500
https://resolver.kb.nl/resolve?urn=ABCDDD:010814794:mpeg21:a0216,http://www.wikidata.org/entity/Q123318451,"De wereld op papier. Amsterdamse cartografie in de 17e eeuw","Amsterdam Museum",http://imageviewer.kb.nl/ImagingService/imagingService?id=ABCDDD:010814794:mpeg21:p012:image&w=500
https://resolver.kb.nl/resolve?urn=KBNRC01:000034129:mpeg21:a0015,http://www.wikidata.org/entity/Q123318451,"De wereld op papier. Amsterdamse cartografie in de 17e eeuw","Amsterdam Museum",http://imageviewer.kb.nl/ImagingService/imagingService?id=KBNRC01:000034129:mpeg21:p002:image&w=500
https://resolver.kb.nl/resolve?urn=ABCDDD:010838739:mpeg21:a0261,http://www.wikidata.org/entity/Q123318454,"'t Kan verkeeren. Over leven en werken van de Amsterdamse dichter-schutter Gerbrand Adriaensz Bredero (1585-1618)","Amsterdam Museum",http://imageviewer.kb.nl/ImagingService/imagingService?id=ABCDDD:010838739:mpeg21:p015:image&w=500
https://resolver.kb.nl/resolve?urn=ABCDDD:010838200:mpeg21:a0300,http://www.wikidata.org/entity/Q123318454,"'t Kan verkeeren. Over leven en werken van de Amsterdamse dichter-schutter Gerbrand Adriaensz Bredero (1585-1618)","Amsterdam Museum",http://imageviewer.kb.nl/ImagingService/imagingService?id=ABCDDD:010838200:mpeg21:p005:image&w=500
https://resolver.kb.nl/resolve?urn=KBPERS01:003327021:mpeg21:a00186,http://www.wikidata.org/entity/Q123318458,"Collectie Russell. 17e-eeuwse schilderijen uit de verzameling Willem Russell","Amsterdam Museum",http://imageviewer.kb.nl/ImagingService/imagingService?id=KBPERS01:003327021:mpeg21:p00016:image&w=500
https://resolver.kb.nl/resolve?urn=ddd:010554651:mpeg21:a0046,http://www.wikidata.org/entity/Q123318458,"Collectie Russell. 17e-eeuwse schilderijen uit de verzameling Willem Russell","Amsterdam Museum",http://imageviewer.kb.nl/ImagingService/imagingService?id=ddd:010554651:mpeg21:p003:image&w=500
https://resolver.kb.nl/resolve?urn=ABCDDD:010847425:mpeg21:a0247,http://www.wikidata.org/entity/Q123318516,"Er was eens een paleis","Amsterdam Museum",http://imageviewer.kb.nl/ImagingService/imagingService?id=ABCDDD:010847425:mpeg21:p020:image&w=500
https://resolver.kb.nl/resolve?urn=ABCDDD:010826811:mpeg21:a0314,http://www.wikidata.org/entity/Q123318517,"Amsterdam bevrijd in mei 1945. Amsterdam dankt zijn Canadezen","Amsterdam Museum",http://imageviewer.kb.nl/ImagingService/imagingService?id=ABCDDD:010826811:mpeg21:p011:image&w=500
https://resolver.kb.nl/resolve?urn=ABCDDD:010827663:mpeg21:a0145,http://www.wikidata.org/entity/Q123318521,"'Tot blozens toe...'. 100 jaar Vrije Universiteit","Amsterdam Museum",http://imageviewer.kb.nl/ImagingService/imagingService?id=ABCDDD:010827663:mpeg21:p003:image&w=500
https://resolver.kb.nl/resolve?urn=KBNRC01:000026973:mpeg21:a0029,http://www.wikidata.org/entity/Q123318521,"'Tot blozens toe...'. 100 jaar Vrije Universiteit","Amsterdam Museum",http://imageviewer.kb.nl/ImagingService/imagingService?id=KBNRC01:000026973:mpeg21:p002:image&w=500
https://resolver.kb.nl/resolve?urn=KBNRC01:000027377:mpeg21:a0060,http://www.wikidata.org/entity/Q123318525,"Antoon Derkinderen,1859-1925","Amsterdam Museum",http://imageviewer.kb.nl/ImagingService/imagingService?id=KBNRC01:000027377:mpeg21:p006:image&w=500
https://resolver.kb.nl/resolve?urn=KBNRC01:000027347:mpeg21:a0026,http://www.wikidata.org/entity/Q123318527,"100 jaar Stille Omgang","Amsterdam Museum",http://imageviewer.kb.nl/ImagingService/imagingService?id=KBNRC01:000027347:mpeg21:p002:image&w=500
https://resolver.kb.nl/resolve?urn=ABCDDD:010879633:mpeg21:a0517,http://www.wikidata.org/entity/Q123318531,"Amsterdam, je blijft lachen! Foto's van Gerda van der Veen","Amsterdam Museum",http://imageviewer.kb.nl/ImagingService/imagingService?id=ABCDDD:010879633:mpeg21:p053:image&w=500
https://resolver.kb.nl/resolve?urn=KBNRC01:000028452:mpeg21:a0197,http://www.wikidata.org/entity/Q123318531,"Amsterdam, je blijft lachen! Foto's van Gerda van der Veen","Amsterdam Museum",http://imageviewer.kb.nl/ImagingService/imagingService?id=KBNRC01:000028452:mpeg21:p018:image&w=500
https://resolver.kb.nl/resolve?urn=KBNRC01:000028491:mpeg21:a0046,http://www.wikidata.org/entity/Q123318533,"Goochelaars in Amsterdam","Amsterdam Museum",http://imageviewer.kb.nl/ImagingService/imagingService?id=KBNRC01:000028491:mpeg21:p006:image&w=500
https://resolver.kb.nl/resolve?urn=ABCDDD:010847136:mpeg21:a0208,http://www.wikidata.org/entity/Q123318534,"Amsterdamse speelkaarten 1680-1980","Amsterdam Museum",http://imageviewer.kb.nl/ImagingService/imagingService?id=ABCDDD:010847136:mpeg21:p017:image&w=500
https://resolver.kb.nl/resolve?urn=ddd:010377723:mpeg21:a0061,http://www.wikidata.org/entity/Q123318536,"Rembrandt en tekenaars uit zijn omgeving. Tekeningen uit het bezit van het Amsterdams Historisch Museum","Amsterdam Museum",http://imageviewer.kb.nl/ImagingService/imagingService?id=ddd:010377723:mpeg21:p004:image&w=500
https://resolver.kb.nl/resolve?urn=ddd:010621866:mpeg21:a0515,http://www.wikidata.org/entity/Q123318536,"Rembrandt en tekenaars uit zijn omgeving. Tekeningen uit het bezit van het Amsterdams Historisch Museum","Amsterdam Museum",http://imageviewer.kb.nl/ImagingService/imagingService?id=ddd:010621866:mpeg21:p043:image&w=500
https://resolver.kb.nl/resolve?urn=ABCDDD:010857438:mpeg21:a0138,http://www.wikidata.org/entity/Q123318544,"De kater van het gelijk. Fototentoonstelling van Michel Pellanders over Ford Amsterdam","Amsterdam Museum",http://imageviewer.kb.nl/ImagingService/imagingService?id=ABCDDD:010857438:mpeg21:p007:image&w=500
https://resolver.kb.nl/resolve?urn=ABCDDD:010846683:mpeg21:a0178,http://www.wikidata.org/entity/Q123318546,"Herman Gordijn. Schilderijen en grafiek 1962-1982","Amsterdam Museum",http://imageviewer.kb.nl/ImagingService/imagingService?id=ABCDDD:010846683:mpeg21:p003:image&w=500
https://resolver.kb.nl/resolve?urn=ABCDDD:010819349:mpeg21:a0167,http://www.wikidata.org/entity/Q123318546,"Herman Gordijn. Schilderijen en grafiek 1962-1982","Amsterdam Museum",http://imageviewer.kb.nl/ImagingService/imagingService?id=ABCDDD:010819349:mpeg21:p008:image&w=500
